"0","air_reserve <- read_csv(""air_reserve.csv"")"
"0","hpg_reserve <- read_csv(""hpg_reserve.csv"")"
"1",""
"1","|"
"1","========="
"1","                                                  "
"1","|"
"1","  15%   18 MB"
"1",""
"1","|"
"1","========="
"1","                                                  "
"1","|"
"1","  15%   18 MB"
"1",""
"1","|"
"1","========="
"1","                                                  "
"1","|"
"1","  15%   18 MB"
"1",""
"1","|"
"1","========="
"1","                                                  "
"1","|"
"1","  15%   18 MB"
"1",""
"1","|"
"1","========="
"1","                                                  "
"1","|"
"1","  15%   18 MB"
"1",""
"1","|"
"1","========="
"1","                                                  "
"1","|"
"1","  15%   18 MB"
"1",""
"1","|"
"1","========="
"1","                                                  "
"1","|"
"1","  15%   19 MB"
"1",""
"1","|"
"1","========="
"1","                                                  "
"1","|"
"1","  15%   19 MB"
"1",""
"1","|"
"1","========="
"1","                                                  "
"1","|"
"1","  16%   19 MB"
"1",""
"1","|"
"1","========="
"1","                                                  "
"1","|"
"1","  16%   19 MB"
"1",""
"1","|"
"1","========="
"1","                                                  "
"1","|"
"1","  16%   19 MB"
"1",""
"1","|"
"1","========="
"1","                                                  "
"1","|"
"1","  16%   19 MB"
"1",""
"1","|"
"1","========="
"1","                                                  "
"1","|"
"1","  16%   20 MB"
"1",""
"1","|"
"1","=========="
"1","                                                 "
"1","|"
"1","  16%   20 MB"
"1",""
"1","|"
"1","=========="
"1","                                                 "
"1","|"
"1","  16%   20 MB"
"1",""
"1","|"
"1","=========="
"1","                                                 "
"1","|"
"1","  16%   20 MB"
"1",""
"1","|"
"1","=========="
"1","                                                 "
"1","|"
"1","  17%   20 MB"
"1",""
"1","|"
"1","=========="
"1","                                                 "
"1","|"
"1","  17%   20 MB"
"1",""
"1","|"
"1","=========="
"1","                                                 "
"1","|"
"1","  17%   20 MB"
"1",""
"1","|"
"1","=========="
"1","                                                 "
"1","|"
"1","  17%   21 MB"
"1",""
"1","|"
"1","=========="
"1","                                                 "
"1","|"
"1","  17%   21 MB"
"1",""
"1","|"
"1","=========="
"1","                                                 "
"1","|"
"1","  17%   21 MB"
"1",""
"1","|"
"1","=========="
"1","                                                 "
"1","|"
"1","  17%   21 MB"
"1",""
"1","|"
"1","=========="
"1","                                                 "
"1","|"
"1","  17%   21 MB"
"1",""
"1","|"
"1","=========="
"1","                                                 "
"1","|"
"1","  18%   21 MB"
"1",""
"1","|"
"1","=========="
"1","                                                 "
"1","|"
"1","  18%   21 MB"
"1",""
"1","|"
"1","==========="
"1","                                                "
"1","|"
"1","  18%   22 MB"
"1",""
"1","|"
"1","==========="
"1","                                                "
"1","|"
"1","  18%   22 MB"
"1",""
"1","|"
"1","==========="
"1","                                                "
"1","|"
"1","  18%   22 MB"
"1",""
"1","|"
"1","==========="
"1","                                                "
"1","|"
"1","  18%   22 MB"
"1",""
"1","|"
"1","==========="
"1","                                                "
"1","|"
"1","  18%   22 MB"
"1",""
"1","|"
"1","==========="
"1","                                                "
"1","|"
"1","  18%   22 MB"
"1",""
"1","|"
"1","==========="
"1","                                                "
"1","|"
"1","  19%   23 MB"
"1",""
"1","|"
"1","==========="
"1","                                                "
"1","|"
"1","  19%   23 MB"
"1",""
"1","|"
"1","==========="
"1","                                                "
"1","|"
"1","  19%   23 MB"
"1",""
"1","|"
"1","==========="
"1","                                                "
"1","|"
"1","  19%   23 MB"
"1",""
"1","|"
"1","==========="
"1","                                                "
"1","|"
"1","  19%   23 MB"
"1",""
"1","|"
"1","==========="
"1","                                                "
"1","|"
"1","  19%   23 MB"
"1",""
"1","|"
"1","==========="
"1","                                                "
"1","|"
"1","  19%   23 MB"
"1",""
"1","|"
"1","==========="
"1","                                                "
"1","|"
"1","  19%   24 MB"
"1",""
"1","|"
"1","============"
"1","                                               "
"1","|"
"1","  20%   24 MB"
"1",""
"1","|"
"1","============"
"1","                                               "
"1","|"
"1","  20%   24 MB"
"1",""
"1","|"
"1","============"
"1","                                               "
"1","|"
"1","  20%   24 MB"
"1",""
"1","|"
"1","============"
"1","                                               "
"1","|"
"1","  20%   24 MB"
"1",""
"1","|"
"1","============"
"1","                                               "
"1","|"
"1","  20%   24 MB"
"1",""
"1","|"
"1","============"
"1","                                               "
"1","|"
"1","  20%   24 MB"
"1",""
"1","|"
"1","============"
"1","                                               "
"1","|"
"1","  20%   25 MB"
"1",""
"1","|"
"1","============"
"1","                                               "
"1","|"
"1","  20%   25 MB"
"1",""
"1","|"
"1","============"
"1","                                               "
"1","|"
"1","  21%   25 MB"
"1",""
"1","|"
"1","============"
"1","                                               "
"1","|"
"1","  21%   25 MB"
"1",""
"1","|"
"1","============"
"1","                                               "
"1","|"
"1","  21%   25 MB"
"1",""
"1","|"
"1","============"
"1","                                               "
"1","|"
"1","  21%   25 MB"
"1",""
"1","|"
"1","============"
"1","                                               "
"1","|"
"1","  21%   26 MB"
"1",""
"1","|"
"1","============="
"1","                                              "
"1","|"
"1","  21%   26 MB"
"1",""
"1","|"
"1","============="
"1","                                              "
"1","|"
"1","  21%   26 MB"
"1",""
"1","|"
"1","============="
"1","                                              "
"1","|"
"1","  21%   26 MB"
"1",""
"1","|"
"1","============="
"1","                                              "
"1","|"
"1","  22%   26 MB"
"1",""
"1","|"
"1","============="
"1","                                              "
"1","|"
"1","  22%   26 MB"
"1",""
"1","|"
"1","============="
"1","                                              "
"1","|"
"1","  22%   26 MB"
"1",""
"1","|"
"1","============="
"1","                                              "
"1","|"
"1","  22%   27 MB"
"1",""
"1","|"
"1","============="
"1","                                              "
"1","|"
"1","  22%   27 MB"
"1",""
"1","|"
"1","============="
"1","                                              "
"1","|"
"1","  22%   27 MB"
"1",""
"1","|"
"1","============="
"1","                                              "
"1","|"
"1","  22%   27 MB"
"1",""
"1","|"
"1","============="
"1","                                              "
"1","|"
"1","  22%   27 MB"
"1",""
"1","|"
"1","============="
"1","                                              "
"1","|"
"1","  23%   27 MB"
"1",""
"1","|"
"1","============="
"1","                                              "
"1","|"
"1","  23%   27 MB"
"1",""
"1","|"
"1","=============="
"1","                                             "
"1","|"
"1","  23%   28 MB"
"1",""
"1","|"
"1","=============="
"1","                                             "
"1","|"
"1","  23%   28 MB"
"1",""
"1","|"
"1","=============="
"1","                                             "
"1","|"
"1","  23%   28 MB"
"1",""
"1","|"
"1","=============="
"1","                                             "
"1","|"
"1","  23%   28 MB"
"1",""
"1","|"
"1","=============="
"1","                                             "
"1","|"
"1","  23%   28 MB"
"1",""
"1","|"
"1","=============="
"1","                                             "
"1","|"
"1","  23%   28 MB"
"1",""
"1","|"
"1","=============="
"1","                                             "
"1","|"
"1","  24%   29 MB"
"1",""
"1","|"
"1","=============="
"1","                                             "
"1","|"
"1","  24%   29 MB"
"1",""
"1","|"
"1","=============="
"1","                                             "
"1","|"
"1","  24%   29 MB"
"1",""
"1","|"
"1","=============="
"1","                                             "
"1","|"
"1","  24%   29 MB"
"1",""
"1","|"
"1","=============="
"1","                                             "
"1","|"
"1","  24%   29 MB"
"1",""
"1","|"
"1","=============="
"1","                                             "
"1","|"
"1","  24%   29 MB"
"1",""
"1","|"
"1","=============="
"1","                                             "
"1","|"
"1","  24%   29 MB"
"1",""
"1","|"
"1","=============="
"1","                                             "
"1","|"
"1","  24%   30 MB"
"1",""
"1","|"
"1","==============="
"1","                                            "
"1","|"
"1","  25%   30 MB"
"1",""
"1","|"
"1","==============="
"1","                                            "
"1","|"
"1","  25%   30 MB"
"1",""
"1","|"
"1","==============="
"1","                                            "
"1","|"
"1","  25%   30 MB"
"1",""
"1","|"
"1","==============="
"1","                                            "
"1","|"
"1","  25%   30 MB"
"1",""
"1","|"
"1","==============="
"1","                                            "
"1","|"
"1","  25%   30 MB"
"1",""
"1","|"
"1","==============="
"1","                                            "
"1","|"
"1","  25%   30 MB"
"1",""
"1","|"
"1","==============="
"1","                                            "
"1","|"
"1","  25%   31 MB"
"1",""
"1","|"
"1","==============="
"1","                                            "
"1","|"
"1","  25%   31 MB"
"1",""
"1","|"
"1","==============="
"1","                                            "
"1","|"
"1","  26%   31 MB"
"1",""
"1","|"
"1","==============="
"1","                                            "
"1","|"
"1","  26%   31 MB"
"1",""
"1","|"
"1","==============="
"1","                                            "
"1","|"
"1","  26%   31 MB"
"1",""
"1","|"
"1","==============="
"1","                                            "
"1","|"
"1","  26%   31 MB"
"1",""
"1","|"
"1","==============="
"1","                                            "
"1","|"
"1","  26%   32 MB"
"1",""
"1","|"
"1","================"
"1","                                           "
"1","|"
"1","  26%   32 MB"
"1",""
"1","|"
"1","================"
"1","                                           "
"1","|"
"1","  26%   32 MB"
"1",""
"1","|"
"1","================"
"1","                                           "
"1","|"
"1","  26%   32 MB"
"1",""
"1","|"
"1","================"
"1","                                           "
"1","|"
"1","  27%   32 MB"
"1",""
"1","|"
"1","================"
"1","                                           "
"1","|"
"1","  27%   32 MB"
"1",""
"1","|"
"1","================"
"1","                                           "
"1","|"
"1","  27%   32 MB"
"1",""
"1","|"
"1","================"
"1","                                           "
"1","|"
"1","  27%   33 MB"
"1",""
"1","|"
"1","================"
"1","                                           "
"1","|"
"1","  27%   33 MB"
"1",""
"1","|"
"1","================"
"1","                                           "
"1","|"
"1","  27%   33 MB"
"1",""
"1","|"
"1","================"
"1","                                           "
"1","|"
"1","  27%   33 MB"
"1",""
"1","|"
"1","================"
"1","                                           "
"1","|"
"1","  27%   33 MB"
"1",""
"1","|"
"1","================"
"1","                                           "
"1","|"
"1","  28%   33 MB"
"1",""
"1","|"
"1","================"
"1","                                           "
"1","|"
"1","  28%   34 MB"
"1",""
"1","|"
"1","================="
"1","                                          "
"1","|"
"1","  28%   34 MB"
"1",""
"1","|"
"1","================="
"1","                                          "
"1","|"
"1","  28%   34 MB"
"1",""
"1","|"
"1","================="
"1","                                          "
"1","|"
"1","  28%   34 MB"
"1",""
"1","|"
"1","================="
"1","                                          "
"1","|"
"1","  28%   34 MB"
"1",""
"1","|"
"1","================="
"1","                                          "
"1","|"
"1","  28%   34 MB"
"1",""
"1","|"
"1","================="
"1","                                          "
"1","|"
"1","  28%   34 MB"
"1",""
"1","|"
"1","================="
"1","                                          "
"1","|"
"1","  29%   35 MB"
"1",""
"1","|"
"1","================="
"1","                                          "
"1","|"
"1","  29%   35 MB"
"1",""
"1","|"
"1","================="
"1","                                          "
"1","|"
"1","  29%   35 MB"
"1",""
"1","|"
"1","================="
"1","                                          "
"1","|"
"1","  29%   35 MB"
"1",""
"1","|"
"1","================="
"1","                                          "
"1","|"
"1","  29%   35 MB"
"1",""
"1","|"
"1","================="
"1","                                          "
"1","|"
"1","  29%   35 MB"
"1",""
"1","|"
"1","================="
"1","                                          "
"1","|"
"1","  29%   35 MB"
"1",""
"1","|"
"1","================="
"1","                                          "
"1","|"
"1","  29%   36 MB"
"1",""
"1","|"
"1","=================="
"1","                                         "
"1","|"
"1","  30%   36 MB"
"1",""
"1","|"
"1","=================="
"1","                                         "
"1","|"
"1","  30%   36 MB"
"1",""
"1","|"
"1","=================="
"1","                                         "
"1","|"
"1","  30%   36 MB"
"1",""
"1","|"
"1","=================="
"1","                                         "
"1","|"
"1","  30%   36 MB"
"1",""
"1","|"
"1","=================="
"1","                                         "
"1","|"
"1","  30%   36 MB"
"1",""
"1","|"
"1","=================="
"1","                                         "
"1","|"
"1","  30%   37 MB"
"1",""
"1","|"
"1","=================="
"1","                                         "
"1","|"
"1","  30%   37 MB"
"1",""
"1","|"
"1","=================="
"1","                                         "
"1","|"
"1","  30%   37 MB"
"1",""
"1","|"
"1","=================="
"1","                                         "
"1","|"
"1","  31%   37 MB"
"1",""
"1","|"
"1","=================="
"1","                                         "
"1","|"
"1","  31%   37 MB"
"1",""
"1","|"
"1","=================="
"1","                                         "
"1","|"
"1","  31%   37 MB"
"1",""
"1","|"
"1","=================="
"1","                                         "
"1","|"
"1","  31%   37 MB"
"1",""
"1","|"
"1","=================="
"1","                                         "
"1","|"
"1","  31%   38 MB"
"1",""
"1","|"
"1","==================="
"1","                                        "
"1","|"
"1","  31%   38 MB"
"1",""
"1","|"
"1","==================="
"1","                                        "
"1","|"
"1","  31%   38 MB"
"1",""
"1","|"
"1","==================="
"1","                                        "
"1","|"
"1","  31%   38 MB"
"1",""
"1","|"
"1","==================="
"1","                                        "
"1","|"
"1","  32%   38 MB"
"1",""
"1","|"
"1","==================="
"1","                                        "
"1","|"
"1","  32%   38 MB"
"1",""
"1","|"
"1","==================="
"1","                                        "
"1","|"
"1","  32%   38 MB"
"1",""
"1","|"
"1","==================="
"1","                                        "
"1","|"
"1","  32%   39 MB"
"1",""
"1","|"
"1","==================="
"1","                                        "
"1","|"
"1","  32%   39 MB"
"1",""
"1","|"
"1","==================="
"1","                                        "
"1","|"
"1","  32%   39 MB"
"1",""
"1","|"
"1","==================="
"1","                                        "
"1","|"
"1","  32%   39 MB"
"1",""
"1","|"
"1","==================="
"1","                                        "
"1","|"
"1","  32%   39 MB"
"1",""
"1","|"
"1","==================="
"1","                                        "
"1","|"
"1","  33%   39 MB"
"1",""
"1","|"
"1","==================="
"1","                                        "
"1","|"
"1","  33%   40 MB"
"1",""
"1","|"
"1","===================="
"1","                                       "
"1","|"
"1","  33%   40 MB"
"1",""
"1","|"
"1","===================="
"1","                                       "
"1","|"
"1","  33%   40 MB"
"1",""
"1","|"
"1","===================="
"1","                                       "
"1","|"
"1","  33%   40 MB"
"1",""
"1","|"
"1","===================="
"1","                                       "
"1","|"
"1","  33%   40 MB"
"1",""
"1","|"
"1","===================="
"1","                                       "
"1","|"
"1","  33%   40 MB"
"1",""
"1","|"
"1","===================="
"1","                                       "
"1","|"
"1","  33%   40 MB"
"1",""
"1","|"
"1","===================="
"1","                                       "
"1","|"
"1","  34%   41 MB"
"1",""
"1","|"
"1","===================="
"1","                                       "
"1","|"
"1","  34%   41 MB"
"1",""
"1","|"
"1","===================="
"1","                                       "
"1","|"
"1","  34%   41 MB"
"1",""
"1","|"
"1","===================="
"1","                                       "
"1","|"
"1","  34%   41 MB"
"1",""
"1","|"
"1","===================="
"1","                                       "
"1","|"
"1","  34%   41 MB"
"1",""
"1","|"
"1","===================="
"1","                                       "
"1","|"
"1","  34%   41 MB"
"1",""
"1","|"
"1","===================="
"1","                                       "
"1","|"
"1","  34%   41 MB"
"1",""
"1","|"
"1","===================="
"1","                                       "
"1","|"
"1","  34%   42 MB"
"1",""
"1","|"
"1","====================="
"1","                                      "
"1","|"
"1","  35%   42 MB"
"1",""
"1","|"
"1","====================="
"1","                                      "
"1","|"
"1","  35%   42 MB"
"1",""
"1","|"
"1","====================="
"1","                                      "
"1","|"
"1","  35%   42 MB"
"1",""
"1","|"
"1","====================="
"1","                                      "
"1","|"
"1","  35%   42 MB"
"1",""
"1","|"
"1","====================="
"1","                                      "
"1","|"
"1","  35%   42 MB"
"1",""
"1","|"
"1","====================="
"1","                                      "
"1","|"
"1","  35%   43 MB"
"1",""
"1","|"
"1","====================="
"1","                                      "
"1","|"
"1","  35%   43 MB"
"1",""
"1","|"
"1","====================="
"1","                                      "
"1","|"
"1","  35%   43 MB"
"1",""
"1","|"
"1","====================="
"1","                                      "
"1","|"
"1","  36%   43 MB"
"1",""
"1","|"
"1","====================="
"1","                                      "
"1","|"
"1","  36%   43 MB"
"1",""
"1","|"
"1","====================="
"1","                                      "
"1","|"
"1","  36%   43 MB"
"1",""
"1","|"
"1","====================="
"1","                                      "
"1","|"
"1","  36%   43 MB"
"1",""
"1","|"
"1","====================="
"1","                                      "
"1","|"
"1","  36%   44 MB"
"1",""
"1","|"
"1","======================"
"1","                                     "
"1","|"
"1","  36%   44 MB"
"1",""
"1","|"
"1","======================"
"1","                                     "
"1","|"
"1","  36%   44 MB"
"1",""
"1","|"
"1","======================"
"1","                                     "
"1","|"
"1","  36%   44 MB"
"1",""
"1","|"
"1","======================"
"1","                                     "
"1","|"
"1","  37%   44 MB"
"1",""
"1","|"
"1","======================"
"1","                                     "
"1","|"
"1","  37%   44 MB"
"1",""
"1","|"
"1","======================"
"1","                                     "
"1","|"
"1","  37%   44 MB"
"1",""
"1","|"
"1","======================"
"1","                                     "
"1","|"
"1","  37%   45 MB"
"1",""
"1","|"
"1","======================"
"1","                                     "
"1","|"
"1","  37%   45 MB"
"1",""
"1","|"
"1","======================"
"1","                                     "
"1","|"
"1","  37%   45 MB"
"1",""
"1","|"
"1","======================"
"1","                                     "
"1","|"
"1","  37%   45 MB"
"1",""
"1","|"
"1","======================"
"1","                                     "
"1","|"
"1","  37%   45 MB"
"1",""
"1","|"
"1","======================"
"1","                                     "
"1","|"
"1","  38%   45 MB"
"1",""
"1","|"
"1","======================"
"1","                                     "
"1","|"
"1","  38%   46 MB"
"1",""
"1","|"
"1","======================="
"1","                                    "
"1","|"
"1","  38%   46 MB"
"1",""
"1","|"
"1","======================="
"1","                                    "
"1","|"
"1","  38%   46 MB"
"1",""
"1","|"
"1","======================="
"1","                                    "
"1","|"
"1","  38%   46 MB"
"1",""
"1","|"
"1","======================="
"1","                                    "
"1","|"
"1","  38%   46 MB"
"1",""
"1","|"
"1","======================="
"1","                                    "
"1","|"
"1","  38%   46 MB"
"1",""
"1","|"
"1","======================="
"1","                                    "
"1","|"
"1","  38%   46 MB"
"1",""
"1","|"
"1","======================="
"1","                                    "
"1","|"
"1","  39%   47 MB"
"1",""
"1","|"
"1","======================="
"1","                                    "
"1","|"
"1","  39%   47 MB"
"1",""
"1","|"
"1","======================="
"1","                                    "
"1","|"
"1","  39%   47 MB"
"1",""
"1","|"
"1","======================="
"1","                                    "
"1","|"
"1","  39%   47 MB"
"1",""
"1","|"
"1","======================="
"1","                                    "
"1","|"
"1","  39%   47 MB"
"1",""
"1","|"
"1","======================="
"1","                                    "
"1","|"
"1","  39%   47 MB"
"1",""
"1","|"
"1","======================="
"1","                                    "
"1","|"
"1","  39%   47 MB"
"1",""
"1","|"
"1","======================="
"1","                                    "
"1","|"
"1","  39%   48 MB"
"1",""
"1","|"
"1","========================"
"1","                                   "
"1","|"
"1","  40%   48 MB"
"1",""
"1","|"
"1","========================"
"1","                                   "
"1","|"
"1","  40%   48 MB"
"1",""
"1","|"
"1","========================"
"1","                                   "
"1","|"
"1","  40%   48 MB"
"1",""
"1","|"
"1","========================"
"1","                                   "
"1","|"
"1","  40%   48 MB"
"1",""
"1","|"
"1","========================"
"1","                                   "
"1","|"
"1","  40%   48 MB"
"1",""
"1","|"
"1","========================"
"1","                                   "
"1","|"
"1","  40%   49 MB"
"1",""
"1","|"
"1","========================"
"1","                                   "
"1","|"
"1","  40%   49 MB"
"1",""
"1","|"
"1","========================"
"1","                                   "
"1","|"
"1","  40%   49 MB"
"1",""
"1","|"
"1","========================"
"1","                                   "
"1","|"
"1","  41%   49 MB"
"1",""
"1","|"
"1","========================"
"1","                                   "
"1","|"
"1","  41%   49 MB"
"1",""
"1","|"
"1","========================"
"1","                                   "
"1","|"
"1","  41%   49 MB"
"1",""
"1","|"
"1","========================"
"1","                                   "
"1","|"
"1","  41%   49 MB"
"1",""
"1","|"
"1","========================"
"1","                                   "
"1","|"
"1","  41%   50 MB"
"1",""
"1","|"
"1","========================="
"1","                                  "
"1","|"
"1","  41%   50 MB"
"1",""
"1","|"
"1","========================="
"1","                                  "
"1","|"
"1","  41%   50 MB"
"1",""
"1","|"
"1","========================="
"1","                                  "
"1","|"
"1","  41%   50 MB"
"1",""
"1","|"
"1","========================="
"1","                                  "
"1","|"
"1","  42%   50 MB"
"1",""
"1","|"
"1","========================="
"1","                                  "
"1","|"
"1","  42%   50 MB"
"1",""
"1","|"
"1","========================="
"1","                                  "
"1","|"
"1","  42%   51 MB"
"1",""
"1","|"
"1","========================="
"1","                                  "
"1","|"
"1","  42%   51 MB"
"1",""
"1","|"
"1","========================="
"1","                                  "
"1","|"
"1","  42%   51 MB"
"1",""
"1","|"
"1","========================="
"1","                                  "
"1","|"
"1","  42%   51 MB"
"1",""
"1","|"
"1","========================="
"1","                                  "
"1","|"
"1","  42%   51 MB"
"1",""
"1","|"
"1","========================="
"1","                                  "
"1","|"
"1","  42%   51 MB"
"1",""
"1","|"
"1","========================="
"1","                                  "
"1","|"
"1","  43%   51 MB"
"1",""
"1","|"
"1","========================="
"1","                                  "
"1","|"
"1","  43%   52 MB"
"1",""
"1","|"
"1","=========================="
"1","                                 "
"1","|"
"1","  43%   52 MB"
"1",""
"1","|"
"1","=========================="
"1","                                 "
"1","|"
"1","  43%   52 MB"
"1",""
"1","|"
"1","=========================="
"1","                                 "
"1","|"
"1","  43%   52 MB"
"1",""
"1","|"
"1","=========================="
"1","                                 "
"1","|"
"1","  43%   52 MB"
"1",""
"1","|"
"1","=========================="
"1","                                 "
"1","|"
"1","  43%   52 MB"
"1",""
"1","|"
"1","=========================="
"1","                                 "
"1","|"
"1","  43%   52 MB"
"1",""
"1","|"
"1","=========================="
"1","                                 "
"1","|"
"1","  44%   53 MB"
"1",""
"1","|"
"1","=========================="
"1","                                 "
"1","|"
"1","  44%   53 MB"
"1",""
"1","|"
"1","=========================="
"1","                                 "
"1","|"
"1","  44%   53 MB"
"1",""
"1","|"
"1","=========================="
"1","                                 "
"1","|"
"1","  44%   53 MB"
"1",""
"1","|"
"1","=========================="
"1","                                 "
"1","|"
"1","  44%   53 MB"
"1",""
"1","|"
"1","=========================="
"1","                                 "
"1","|"
"1","  44%   53 MB"
"1",""
"1","|"
"1","=========================="
"1","                                 "
"1","|"
"1","  44%   54 MB"
"1",""
"1","|"
"1","=========================="
"1","                                 "
"1","|"
"1","  44%   54 MB"
"1",""
"1","|"
"1","==========================="
"1","                                "
"1","|"
"1","  45%   54 MB"
"1",""
"1","|"
"1","==========================="
"1","                                "
"1","|"
"1","  45%   54 MB"
"1",""
"1","|"
"1","==========================="
"1","                                "
"1","|"
"1","  45%   54 MB"
"1",""
"1","|"
"1","==========================="
"1","                                "
"1","|"
"1","  45%   54 MB"
"1",""
"1","|"
"1","==========================="
"1","                                "
"1","|"
"1","  45%   54 MB"
"1",""
"1","|"
"1","==========================="
"1","                                "
"1","|"
"1","  45%   55 MB"
"1",""
"1","|"
"1","==========================="
"1","                                "
"1","|"
"1","  45%   55 MB"
"1",""
"1","|"
"1","==========================="
"1","                                "
"1","|"
"1","  45%   55 MB"
"1",""
"1","|"
"1","==========================="
"1","                                "
"1","|"
"1","  46%   55 MB"
"1",""
"1","|"
"1","==========================="
"1","                                "
"1","|"
"1","  46%   55 MB"
"1",""
"1","|"
"1","==========================="
"1","                                "
"1","|"
"1","  46%   55 MB"
"1",""
"1","|"
"1","==========================="
"1","                                "
"1","|"
"1","  46%   55 MB"
"1",""
"1","|"
"1","==========================="
"1","                                "
"1","|"
"1","  46%   56 MB"
"1",""
"1","|"
"1","============================"
"1","                               "
"1","|"
"1","  46%   56 MB"
"1",""
"1","|"
"1","============================"
"1","                               "
"1","|"
"1","  46%   56 MB"
"1",""
"1","|"
"1","============================"
"1","                               "
"1","|"
"1","  46%   56 MB"
"1",""
"1","|"
"1","============================"
"1","                               "
"1","|"
"1","  47%   56 MB"
"1",""
"1","|"
"1","============================"
"1","                               "
"1","|"
"1","  47%   56 MB"
"1",""
"1","|"
"1","============================"
"1","                               "
"1","|"
"1","  47%   57 MB"
"1",""
"1","|"
"1","============================"
"1","                               "
"1","|"
"1","  47%   57 MB"
"1",""
"1","|"
"1","============================"
"1","                               "
"1","|"
"1","  47%   57 MB"
"1",""
"1","|"
"1","============================"
"1","                               "
"1","|"
"1","  47%   57 MB"
"1",""
"1","|"
"1","============================"
"1","                               "
"1","|"
"1","  47%   57 MB"
"1",""
"1","|"
"1","============================"
"1","                               "
"1","|"
"1","  47%   57 MB"
"1",""
"1","|"
"1","============================"
"1","                               "
"1","|"
"1","  48%   57 MB"
"1",""
"1","|"
"1","============================"
"1","                               "
"1","|"
"1","  48%   58 MB"
"1",""
"1","|"
"1","============================="
"1","                              "
"1","|"
"1","  48%   58 MB"
"1",""
"1","|"
"1","============================="
"1","                              "
"1","|"
"1","  48%   58 MB"
"1",""
"1","|"
"1","============================="
"1","                              "
"1","|"
"1","  48%   58 MB"
"1",""
"1","|"
"1","============================="
"1","                              "
"1","|"
"1","  48%   58 MB"
"1",""
"1","|"
"1","============================="
"1","                              "
"1","|"
"1","  48%   58 MB"
"1",""
"1","|"
"1","============================="
"1","                              "
"1","|"
"1","  48%   58 MB"
"1",""
"1","|"
"1","============================="
"1","                              "
"1","|"
"1","  49%   59 MB"
"1",""
"1","|"
"1","============================="
"1","                              "
"1","|"
"1","  49%   59 MB"
"1",""
"1","|"
"1","============================="
"1","                              "
"1","|"
"1","  49%   59 MB"
"1",""
"1","|"
"1","============================="
"1","                              "
"1","|"
"1","  49%   59 MB"
"1",""
"1","|"
"1","============================="
"1","                              "
"1","|"
"1","  49%   59 MB"
"1",""
"1","|"
"1","============================="
"1","                              "
"1","|"
"1","  49%   59 MB"
"1",""
"1","|"
"1","============================="
"1","                              "
"1","|"
"1","  49%   60 MB"
"1",""
"1","|"
"1","============================="
"1","                              "
"1","|"
"1","  49%   60 MB"
"1",""
"1","|"
"1","=============================="
"1","                             "
"1","|"
"1","  50%   60 MB"
"1",""
"1","|"
"1","=============================="
"1","                             "
"1","|"
"1","  50%   60 MB"
"1",""
"1","|"
"1","=============================="
"1","                             "
"1","|"
"1","  50%   60 MB"
"1",""
"1","|"
"1","=============================="
"1","                             "
"1","|"
"1","  50%   60 MB"
"1",""
"1","|"
"1","=============================="
"1","                             "
"1","|"
"1","  50%   60 MB"
"1",""
"1","|"
"1","=============================="
"1","                             "
"1","|"
"1","  50%   61 MB"
"1",""
"1","|"
"1","=============================="
"1","                             "
"1","|"
"1","  50%   61 MB"
"1",""
"1","|"
"1","=============================="
"1","                             "
"1","|"
"1","  50%   61 MB"
"1",""
"1","|"
"1","=============================="
"1","                             "
"1","|"
"1","  51%   61 MB"
"1",""
"1","|"
"1","=============================="
"1","                             "
"1","|"
"1","  51%   61 MB"
"1",""
"1","|"
"1","=============================="
"1","                             "
"1","|"
"1","  51%   61 MB"
"1",""
"1","|"
"1","=============================="
"1","                             "
"1","|"
"1","  51%   61 MB"
"1",""
"1","|"
"1","=============================="
"1","                             "
"1","|"
"1","  51%   62 MB"
"1",""
"1","|"
"1","==============================="
"1","                            "
"1","|"
"1","  51%   62 MB"
"1",""
"1","|"
"1","==============================="
"1","                            "
"1","|"
"1","  51%   62 MB"
"1",""
"1","|"
"1","==============================="
"1","                            "
"1","|"
"1","  51%   62 MB"
"1",""
"1","|"
"1","==============================="
"1","                            "
"1","|"
"1","  52%   62 MB"
"1",""
"1","|"
"1","==============================="
"1","                            "
"1","|"
"1","  52%   62 MB"
"1",""
"1","|"
"1","==============================="
"1","                            "
"1","|"
"1","  52%   63 MB"
"1",""
"1","|"
"1","==============================="
"1","                            "
"1","|"
"1","  52%   63 MB"
"1",""
"1","|"
"1","==============================="
"1","                            "
"1","|"
"1","  52%   63 MB"
"1",""
"1","|"
"1","==============================="
"1","                            "
"1","|"
"1","  52%   63 MB"
"1",""
"1","|"
"1","==============================="
"1","                            "
"1","|"
"1","  52%   63 MB"
"1",""
"1","|"
"1","==============================="
"1","                            "
"1","|"
"1","  52%   63 MB"
"1",""
"1","|"
"1","==============================="
"1","                            "
"1","|"
"1","  53%   63 MB"
"1",""
"1","|"
"1","==============================="
"1","                            "
"1","|"
"1","  53%   64 MB"
"1",""
"1","|"
"1","================================"
"1","                           "
"1","|"
"1","  53%   64 MB"
"1",""
"1","|"
"1","================================"
"1","                           "
"1","|"
"1","  53%   64 MB"
"1",""
"1","|"
"1","================================"
"1","                           "
"1","|"
"1","  53%   64 MB"
"1",""
"1","|"
"1","================================"
"1","                           "
"1","|"
"1","  53%   64 MB"
"1",""
"1","|"
"1","================================"
"1","                           "
"1","|"
"1","  53%   64 MB"
"1",""
"1","|"
"1","================================"
"1","                           "
"1","|"
"1","  53%   64 MB"
"1",""
"1","|"
"1","================================"
"1","                           "
"1","|"
"1","  54%   65 MB"
"1",""
"1","|"
"1","================================"
"1","                           "
"1","|"
"1","  54%   65 MB"
"1",""
"1","|"
"1","================================"
"1","                           "
"1","|"
"1","  54%   65 MB"
"1",""
"1","|"
"1","================================"
"1","                           "
"1","|"
"1","  54%   65 MB"
"1",""
"1","|"
"1","================================"
"1","                           "
"1","|"
"1","  54%   65 MB"
"1",""
"1","|"
"1","================================"
"1","                           "
"1","|"
"1","  54%   65 MB"
"1",""
"1","|"
"1","================================"
"1","                           "
"1","|"
"1","  54%   66 MB"
"1",""
"1","|"
"1","================================"
"1","                           "
"1","|"
"1","  54%   66 MB"
"1",""
"1","|"
"1","================================="
"1","                          "
"1","|"
"1","  55%   66 MB"
"1",""
"1","|"
"1","================================="
"1","                          "
"1","|"
"1","  55%   66 MB"
"1",""
"1","|"
"1","================================="
"1","                          "
"1","|"
"1","  55%   66 MB"
"1",""
"1","|"
"1","================================="
"1","                          "
"1","|"
"1","  55%   66 MB"
"1",""
"1","|"
"1","================================="
"1","                          "
"1","|"
"1","  55%   66 MB"
"1",""
"1","|"
"1","================================="
"1","                          "
"1","|"
"1","  55%   67 MB"
"1",""
"1","|"
"1","================================="
"1","                          "
"1","|"
"1","  55%   67 MB"
"1",""
"1","|"
"1","================================="
"1","                          "
"1","|"
"1","  55%   67 MB"
"1",""
"1","|"
"1","================================="
"1","                          "
"1","|"
"1","  56%   67 MB"
"1",""
"1","|"
"1","================================="
"1","                          "
"1","|"
"1","  56%   67 MB"
"1",""
"1","|"
"1","================================="
"1","                          "
"1","|"
"1","  56%   67 MB"
"1",""
"1","|"
"1","================================="
"1","                          "
"1","|"
"1","  56%   68 MB"
"1",""
"1","|"
"1","================================="
"1","                          "
"1","|"
"1","  56%   68 MB"
"1",""
"1","|"
"1","=================================="
"1","                         "
"1","|"
"1","  56%   68 MB"
"1",""
"1","|"
"1","=================================="
"1","                         "
"1","|"
"1","  56%   68 MB"
"1",""
"1","|"
"1","=================================="
"1","                         "
"1","|"
"1","  56%   68 MB"
"1",""
"1","|"
"1","=================================="
"1","                         "
"1","|"
"1","  57%   68 MB"
"1",""
"1","|"
"1","=================================="
"1","                         "
"1","|"
"1","  57%   68 MB"
"1",""
"1","|"
"1","=================================="
"1","                         "
"1","|"
"1","  57%   69 MB"
"1",""
"1","|"
"1","=================================="
"1","                         "
"1","|"
"1","  57%   69 MB"
"1",""
"1","|"
"1","=================================="
"1","                         "
"1","|"
"1","  57%   69 MB"
"1",""
"1","|"
"1","=================================="
"1","                         "
"1","|"
"1","  57%   69 MB"
"1",""
"1","|"
"1","=================================="
"1","                         "
"1","|"
"1","  57%   69 MB"
"1",""
"1","|"
"1","=================================="
"1","                         "
"1","|"
"1","  57%   69 MB"
"1",""
"1","|"
"1","=================================="
"1","                         "
"1","|"
"1","  58%   69 MB"
"1",""
"1","|"
"1","=================================="
"1","                         "
"1","|"
"1","  58%   70 MB"
"1",""
"1","|"
"1","==================================="
"1","                        "
"1","|"
"1","  58%   70 MB"
"1",""
"1","|"
"1","==================================="
"1","                        "
"1","|"
"1","  58%   70 MB"
"1",""
"1","|"
"1","==================================="
"1","                        "
"1","|"
"1","  58%   70 MB"
"1",""
"1","|"
"1","==================================="
"1","                        "
"1","|"
"1","  58%   70 MB"
"1",""
"1","|"
"1","==================================="
"1","                        "
"1","|"
"1","  58%   70 MB"
"1",""
"1","|"
"1","==================================="
"1","                        "
"1","|"
"1","  58%   71 MB"
"1",""
"1","|"
"1","==================================="
"1","                        "
"1","|"
"1","  59%   71 MB"
"1",""
"1","|"
"1","==================================="
"1","                        "
"1","|"
"1","  59%   71 MB"
"1",""
"1","|"
"1","==================================="
"1","                        "
"1","|"
"1","  59%   71 MB"
"1",""
"1","|"
"1","==================================="
"1","                        "
"1","|"
"1","  59%   71 MB"
"1",""
"1","|"
"1","==================================="
"1","                        "
"1","|"
"1","  59%   71 MB"
"1",""
"1","|"
"1","==================================="
"1","                        "
"1","|"
"1","  59%   71 MB"
"1",""
"1","|"
"1","==================================="
"1","                        "
"1","|"
"1","  59%   72 MB"
"1",""
"1","|"
"1","==================================="
"1","                        "
"1","|"
"1","  59%   72 MB"
"1",""
"1","|"
"1","===================================="
"1","                       "
"1","|"
"1","  60%   72 MB"
"1",""
"1","|"
"1","===================================="
"1","                       "
"1","|"
"1","  60%   72 MB"
"1",""
"1","|"
"1","===================================="
"1","                       "
"1","|"
"1","  60%   72 MB"
"1",""
"1","|"
"1","===================================="
"1","                       "
"1","|"
"1","  60%   72 MB"
"1",""
"1","|"
"1","===================================="
"1","                       "
"1","|"
"1","  60%   72 MB"
"1",""
"1","|"
"1","===================================="
"1","                       "
"1","|"
"1","  60%   73 MB"
"1",""
"1","|"
"1","===================================="
"1","                       "
"1","|"
"1","  60%   73 MB"
"1",""
"1","|"
"1","===================================="
"1","                       "
"1","|"
"1","  60%   73 MB"
"1",""
"1","|"
"1","===================================="
"1","                       "
"1","|"
"1","  61%   73 MB"
"1",""
"1","|"
"1","===================================="
"1","                       "
"1","|"
"1","  61%   73 MB"
"1",""
"1","|"
"1","===================================="
"1","                       "
"1","|"
"1","  61%   73 MB"
"1",""
"1","|"
"1","===================================="
"1","                       "
"1","|"
"1","  61%   74 MB"
"1",""
"1","|"
"1","===================================="
"1","                       "
"1","|"
"1","  61%   74 MB"
"1",""
"1","|"
"1","====================================="
"1","                      "
"1","|"
"1","  61%   74 MB"
"1",""
"1","|"
"1","====================================="
"1","                      "
"1","|"
"1","  61%   74 MB"
"1",""
"1","|"
"1","====================================="
"1","                      "
"1","|"
"1","  61%   74 MB"
"1",""
"1","|"
"1","====================================="
"1","                      "
"1","|"
"1","  62%   74 MB"
"1",""
"1","|"
"1","====================================="
"1","                      "
"1","|"
"1","  62%   74 MB"
"1",""
"1","|"
"1","====================================="
"1","                      "
"1","|"
"1","  62%   75 MB"
"1",""
"1","|"
"1","====================================="
"1","                      "
"1","|"
"1","  62%   75 MB"
"1",""
"1","|"
"1","====================================="
"1","                      "
"1","|"
"1","  62%   75 MB"
"1",""
"1","|"
"1","====================================="
"1","                      "
"1","|"
"1","  62%   75 MB"
"1",""
"1","|"
"1","====================================="
"1","                      "
"1","|"
"1","  62%   75 MB"
"1",""
"1","|"
"1","====================================="
"1","                      "
"1","|"
"1","  62%   75 MB"
"1",""
"1","|"
"1","====================================="
"1","                      "
"1","|"
"1","  63%   75 MB"
"1",""
"1","|"
"1","====================================="
"1","                      "
"1","|"
"1","  63%   76 MB"
"1",""
"1","|"
"1","======================================"
"1","                     "
"1","|"
"1","  63%   76 MB"
"1",""
"1","|"
"1","======================================"
"1","                     "
"1","|"
"1","  63%   76 MB"
"1",""
"1","|"
"1","======================================"
"1","                     "
"1","|"
"1","  63%   76 MB"
"1",""
"1","|"
"1","======================================"
"1","                     "
"1","|"
"1","  63%   76 MB"
"1",""
"1","|"
"1","======================================"
"1","                     "
"1","|"
"1","  63%   76 MB"
"1",""
"1","|"
"1","======================================"
"1","                     "
"1","|"
"1","  63%   77 MB"
"1",""
"1","|"
"1","======================================"
"1","                     "
"1","|"
"1","  64%   77 MB"
"1",""
"1","|"
"1","======================================"
"1","                     "
"1","|"
"1","  64%   77 MB"
"1",""
"1","|"
"1","======================================"
"1","                     "
"1","|"
"1","  64%   77 MB"
"1",""
"1","|"
"1","======================================"
"1","                     "
"1","|"
"1","  64%   77 MB"
"1",""
"1","|"
"1","======================================"
"1","                     "
"1","|"
"1","  64%   77 MB"
"1",""
"1","|"
"1","======================================"
"1","                     "
"1","|"
"1","  64%   77 MB"
"1",""
"1","|"
"1","======================================"
"1","                     "
"1","|"
"1","  64%   78 MB"
"1",""
"1","|"
"1","======================================"
"1","                     "
"1","|"
"1","  64%   78 MB"
"1",""
"1","|"
"1","======================================="
"1","                    "
"1","|"
"1","  65%   78 MB"
"1",""
"1","|"
"1","======================================="
"1","                    "
"1","|"
"1","  65%   78 MB"
"1",""
"1","|"
"1","======================================="
"1","                    "
"1","|"
"1","  65%   78 MB"
"1",""
"1","|"
"1","======================================="
"1","                    "
"1","|"
"1","  65%   78 MB"
"1",""
"1","|"
"1","======================================="
"1","                    "
"1","|"
"1","  65%   78 MB"
"1",""
"1","|"
"1","======================================="
"1","                    "
"1","|"
"1","  65%   79 MB"
"1",""
"1","|"
"1","======================================="
"1","                    "
"1","|"
"1","  65%   79 MB"
"1",""
"1","|"
"1","======================================="
"1","                    "
"1","|"
"1","  65%   79 MB"
"1",""
"1","|"
"1","======================================="
"1","                    "
"1","|"
"1","  66%   79 MB"
"1",""
"1","|"
"1","======================================="
"1","                    "
"1","|"
"1","  66%   79 MB"
"1",""
"1","|"
"1","======================================="
"1","                    "
"1","|"
"1","  66%   79 MB"
"1",""
"1","|"
"1","======================================="
"1","                    "
"1","|"
"1","  66%   80 MB"
"1",""
"1","|"
"1","======================================="
"1","                    "
"1","|"
"1","  66%   80 MB"
"1",""
"1","|"
"1","========================================"
"1","                   "
"1","|"
"1","  66%   80 MB"
"1",""
"1","|"
"1","========================================"
"1","                   "
"1","|"
"1","  66%   80 MB"
"1",""
"1","|"
"1","========================================"
"1","                   "
"1","|"
"1","  66%   80 MB"
"1",""
"1","|"
"1","========================================"
"1","                   "
"1","|"
"1","  67%   80 MB"
"1",""
"1","|"
"1","========================================"
"1","                   "
"1","|"
"1","  67%   80 MB"
"1",""
"1","|"
"1","========================================"
"1","                   "
"1","|"
"1","  67%   81 MB"
"1",""
"1","|"
"1","========================================"
"1","                   "
"1","|"
"1","  67%   81 MB"
"1",""
"1","|"
"1","========================================"
"1","                   "
"1","|"
"1","  67%   81 MB"
"1",""
"1","|"
"1","========================================"
"1","                   "
"1","|"
"1","  67%   81 MB"
"1",""
"1","|"
"1","========================================"
"1","                   "
"1","|"
"1","  67%   81 MB"
"1",""
"1","|"
"1","========================================"
"1","                   "
"1","|"
"1","  67%   81 MB"
"1",""
"1","|"
"1","========================================"
"1","                   "
"1","|"
"1","  68%   82 MB"
"1",""
"1","|"
"1","========================================"
"1","                   "
"1","|"
"1","  68%   82 MB"
"1",""
"1","|"
"1","========================================="
"1","                  "
"1","|"
"1","  68%   82 MB"
"1",""
"1","|"
"1","========================================="
"1","                  "
"1","|"
"1","  68%   82 MB"
"1",""
"1","|"
"1","========================================="
"1","                  "
"1","|"
"1","  68%   82 MB"
"1",""
"1","|"
"1","========================================="
"1","                  "
"1","|"
"1","  68%   82 MB"
"1",""
"1","|"
"1","========================================="
"1","                  "
"1","|"
"1","  68%   82 MB"
"1",""
"1","|"
"1","========================================="
"1","                  "
"1","|"
"1","  68%   83 MB"
"1",""
"1","|"
"1","========================================="
"1","                  "
"1","|"
"1","  69%   83 MB"
"1",""
"1","|"
"1","========================================="
"1","                  "
"1","|"
"1","  69%   83 MB"
"1",""
"1","|"
"1","========================================="
"1","                  "
"1","|"
"1","  69%   83 MB"
"1",""
"1","|"
"1","========================================="
"1","                  "
"1","|"
"1","  69%   83 MB"
"1",""
"1","|"
"1","========================================="
"1","                  "
"1","|"
"1","  69%   83 MB"
"1",""
"1","|"
"1","========================================="
"1","                  "
"1","|"
"1","  69%   83 MB"
"1",""
"1","|"
"1","========================================="
"1","                  "
"1","|"
"1","  69%   84 MB"
"1",""
"1","|"
"1","========================================="
"1","                  "
"1","|"
"1","  69%   84 MB"
"1",""
"1","|"
"1","=========================================="
"1","                 "
"1","|"
"1","  70%   84 MB"
"1",""
"1","|"
"1","=========================================="
"1","                 "
"1","|"
"1","  70%   84 MB"
"1",""
"1","|"
"1","=========================================="
"1","                 "
"1","|"
"1","  70%   84 MB"
"1",""
"1","|"
"1","=========================================="
"1","                 "
"1","|"
"1","  70%   84 MB"
"1",""
"1","|"
"1","=========================================="
"1","                 "
"1","|"
"1","  70%   85 MB"
"1",""
"1","|"
"1","=========================================="
"1","                 "
"1","|"
"1","  70%   85 MB"
"1",""
"1","|"
"1","=========================================="
"1","                 "
"1","|"
"1","  70%   85 MB"
"1",""
"1","|"
"1","=========================================="
"1","                 "
"1","|"
"1","  70%   85 MB"
"1",""
"1","|"
"1","=========================================="
"1","                 "
"1","|"
"1","  71%   85 MB"
"1",""
"1","|"
"1","=========================================="
"1","                 "
"1","|"
"1","  71%   85 MB"
"1",""
"1","|"
"1","=========================================="
"1","                 "
"1","|"
"1","  71%   85 MB"
"1",""
"1","|"
"1","=========================================="
"1","                 "
"1","|"
"1","  71%   86 MB"
"1",""
"1","|"
"1","=========================================="
"1","                 "
"1","|"
"1","  71%   86 MB"
"1",""
"1","|"
"1","==========================================="
"1","                "
"1","|"
"1","  71%   86 MB"
"1",""
"1","|"
"1","==========================================="
"1","                "
"1","|"
"1","  71%   86 MB"
"1",""
"1","|"
"1","==========================================="
"1","                "
"1","|"
"1","  71%   86 MB"
"1",""
"1","|"
"1","==========================================="
"1","                "
"1","|"
"1","  72%   86 MB"
"1",""
"1","|"
"1","==========================================="
"1","                "
"1","|"
"1","  72%   86 MB"
"1",""
"1","|"
"1","==========================================="
"1","                "
"1","|"
"1","  72%   87 MB"
"1",""
"1","|"
"1","==========================================="
"1","                "
"1","|"
"1","  72%   87 MB"
"1",""
"1","|"
"1","==========================================="
"1","                "
"1","|"
"1","  72%   87 MB"
"1",""
"1","|"
"1","==========================================="
"1","                "
"1","|"
"1","  72%   87 MB"
"1",""
"1","|"
"1","==========================================="
"1","                "
"1","|"
"1","  72%   87 MB"
"1",""
"1","|"
"1","==========================================="
"1","                "
"1","|"
"1","  72%   87 MB"
"1",""
"1","|"
"1","==========================================="
"1","                "
"1","|"
"1","  73%   88 MB"
"1",""
"1","|"
"1","==========================================="
"1","                "
"1","|"
"1","  73%   88 MB"
"1",""
"1","|"
"1","============================================"
"1","               "
"1","|"
"1","  73%   88 MB"
"1",""
"1","|"
"1","============================================"
"1","               "
"1","|"
"1","  73%   88 MB"
"1",""
"1","|"
"1","============================================"
"1","               "
"1","|"
"1","  73%   88 MB"
"1",""
"1","|"
"1","============================================"
"1","               "
"1","|"
"1","  73%   88 MB"
"1",""
"1","|"
"1","============================================"
"1","               "
"1","|"
"1","  73%   88 MB"
"1",""
"1","|"
"1","============================================"
"1","               "
"1","|"
"1","  73%   89 MB"
"1",""
"1","|"
"1","============================================"
"1","               "
"1","|"
"1","  74%   89 MB"
"1",""
"1","|"
"1","============================================"
"1","               "
"1","|"
"1","  74%   89 MB"
"1",""
"1","|"
"1","============================================"
"1","               "
"1","|"
"1","  74%   89 MB"
"1",""
"1","|"
"1","============================================"
"1","               "
"1","|"
"1","  74%   89 MB"
"1",""
"1","|"
"1","============================================"
"1","               "
"1","|"
"1","  74%   89 MB"
"1",""
"1","|"
"1","============================================"
"1","               "
"1","|"
"1","  74%   89 MB"
"1",""
"1","|"
"1","============================================"
"1","               "
"1","|"
"1","  74%   90 MB"
"1",""
"1","|"
"1","============================================"
"1","               "
"1","|"
"1","  74%   90 MB"
"1",""
"1","|"
"1","============================================="
"1","              "
"1","|"
"1","  75%   90 MB"
"1",""
"1","|"
"1","============================================="
"1","              "
"1","|"
"1","  75%   90 MB"
"1",""
"1","|"
"1","============================================="
"1","              "
"1","|"
"1","  75%   90 MB"
"1",""
"1","|"
"1","============================================="
"1","              "
"1","|"
"1","  75%   90 MB"
"1",""
"1","|"
"1","============================================="
"1","              "
"1","|"
"1","  75%   91 MB"
"1",""
"1","|"
"1","============================================="
"1","              "
"1","|"
"1","  75%   91 MB"
"1",""
"1","|"
"1","============================================="
"1","              "
"1","|"
"1","  75%   91 MB"
"1",""
"1","|"
"1","============================================="
"1","              "
"1","|"
"1","  75%   91 MB"
"1",""
"1","|"
"1","============================================="
"1","              "
"1","|"
"1","  76%   91 MB"
"1",""
"1","|"
"1","============================================="
"1","              "
"1","|"
"1","  76%   91 MB"
"1",""
"1","|"
"1","============================================="
"1","              "
"1","|"
"1","  76%   91 MB"
"1",""
"1","|"
"1","============================================="
"1","              "
"1","|"
"1","  76%   92 MB"
"1",""
"1","|"
"1","============================================="
"1","              "
"1","|"
"1","  76%   92 MB"
"1",""
"1","|"
"1","=============================================="
"1","             "
"1","|"
"1","  76%   92 MB"
"1",""
"1","|"
"1","=============================================="
"1","             "
"1","|"
"1","  76%   92 MB"
"1",""
"1","|"
"1","=============================================="
"1","             "
"1","|"
"1","  76%   92 MB"
"1",""
"1","|"
"1","=============================================="
"1","             "
"1","|"
"1","  77%   92 MB"
"1",""
"1","|"
"1","=============================================="
"1","             "
"1","|"
"1","  77%   92 MB"
"1",""
"1","|"
"1","=============================================="
"1","             "
"1","|"
"1","  77%   93 MB"
"1",""
"1","|"
"1","=============================================="
"1","             "
"1","|"
"1","  77%   93 MB"
"1",""
"1","|"
"1","=============================================="
"1","             "
"1","|"
"1","  77%   93 MB"
"1",""
"1","|"
"1","=============================================="
"1","             "
"1","|"
"1","  77%   93 MB"
"1",""
"1","|"
"1","=============================================="
"1","             "
"1","|"
"1","  77%   93 MB"
"1",""
"1","|"
"1","=============================================="
"1","             "
"1","|"
"1","  77%   93 MB"
"1",""
"1","|"
"1","=============================================="
"1","             "
"1","|"
"1","  78%   94 MB"
"1",""
"1","|"
"1","=============================================="
"1","             "
"1","|"
"1","  78%   94 MB"
"1",""
"1","|"
"1","==============================================="
"1","            "
"1","|"
"1","  78%   94 MB"
"1",""
"1","|"
"1","==============================================="
"1","            "
"1","|"
"1","  78%   94 MB"
"1",""
"1","|"
"1","==============================================="
"1","            "
"1","|"
"1","  78%   94 MB"
"1",""
"1","|"
"1","==============================================="
"1","            "
"1","|"
"1","  78%   94 MB"
"1",""
"1","|"
"1","==============================================="
"1","            "
"1","|"
"1","  78%   94 MB"
"1",""
"1","|"
"1","==============================================="
"1","            "
"1","|"
"1","  78%   95 MB"
"1",""
"1","|"
"1","==============================================="
"1","            "
"1","|"
"1","  79%   95 MB"
"1",""
"1","|"
"1","==============================================="
"1","            "
"1","|"
"1","  79%   95 MB"
"1",""
"1","|"
"1","==============================================="
"1","            "
"1","|"
"1","  79%   95 MB"
"1",""
"1","|"
"1","==============================================="
"1","            "
"1","|"
"1","  79%   95 MB"
"1",""
"1","|"
"1","==============================================="
"1","            "
"1","|"
"1","  79%   95 MB"
"1",""
"1","|"
"1","==============================================="
"1","            "
"1","|"
"1","  79%   95 MB"
"1",""
"1","|"
"1","==============================================="
"1","            "
"1","|"
"1","  79%   96 MB"
"1",""
"1","|"
"1","==============================================="
"1","            "
"1","|"
"1","  79%   96 MB"
"1",""
"1","|"
"1","================================================"
"1","           "
"1","|"
"1","  80%   96 MB"
"1",""
"1","|"
"1","================================================"
"1","           "
"1","|"
"1","  80%   96 MB"
"1",""
"1","|"
"1","================================================"
"1","           "
"1","|"
"1","  80%   96 MB"
"1",""
"1","|"
"1","================================================"
"1","           "
"1","|"
"1","  80%   96 MB"
"1",""
"1","|"
"1","================================================"
"1","           "
"1","|"
"1","  80%   97 MB"
"1",""
"1","|"
"1","================================================"
"1","           "
"1","|"
"1","  80%   97 MB"
"1",""
"1","|"
"1","================================================"
"1","           "
"1","|"
"1","  80%   97 MB"
"1",""
"1","|"
"1","================================================"
"1","           "
"1","|"
"1","  80%   97 MB"
"1",""
"1","|"
"1","================================================"
"1","           "
"1","|"
"1","  81%   97 MB"
"1",""
"1","|"
"1","================================================"
"1","           "
"1","|"
"1","  81%   97 MB"
"1",""
"1","|"
"1","================================================"
"1","           "
"1","|"
"1","  81%   97 MB"
"1",""
"1","|"
"1","================================================"
"1","           "
"1","|"
"1","  81%   98 MB"
"1",""
"1","|"
"1","================================================"
"1","           "
"1","|"
"1","  81%   98 MB"
"1",""
"1","|"
"1","================================================="
"1","          "
"1","|"
"1","  81%   98 MB"
"1",""
"1","|"
"1","================================================="
"1","          "
"1","|"
"1","  81%   98 MB"
"1",""
"1","|"
"1","================================================="
"1","          "
"1","|"
"1","  81%   98 MB"
"1",""
"1","|"
"1","================================================="
"1","          "
"1","|"
"1","  82%   98 MB"
"1",""
"1","|"
"1","================================================="
"1","          "
"1","|"
"1","  82%   99 MB"
"1",""
"1","|"
"1","================================================="
"1","          "
"1","|"
"1","  82%   99 MB"
"1",""
"1","|"
"1","================================================="
"1","          "
"1","|"
"1","  82%   99 MB"
"1",""
"1","|"
"1","================================================="
"1","          "
"1","|"
"1","  82%   99 MB"
"1",""
"1","|"
"1","================================================="
"1","          "
"1","|"
"1","  82%   99 MB"
"1",""
"1","|"
"1","================================================="
"1","          "
"1","|"
"1","  82%   99 MB"
"1",""
"1","|"
"1","================================================="
"1","          "
"1","|"
"1","  82%   99 MB"
"1",""
"1","|"
"1","================================================="
"1","          "
"1","|"
"1","  83%  100 MB"
"1",""
"1","|"
"1","================================================="
"1","          "
"1","|"
"1","  83%  100 MB"
"1",""
"1","|"
"1","=================================================="
"1","         "
"1","|"
"1","  83%  100 MB"
"1",""
"1","|"
"1","=================================================="
"1","         "
"1","|"
"1","  83%  100 MB"
"1",""
"1","|"
"1","=================================================="
"1","         "
"1","|"
"1","  83%  100 MB"
"1",""
"1","|"
"1","=================================================="
"1","         "
"1","|"
"1","  83%  100 MB"
"1",""
"1","|"
"1","=================================================="
"1","         "
"1","|"
"1","  83%  100 MB"
"1",""
"1","|"
"1","=================================================="
"1","         "
"1","|"
"1","  83%  101 MB"
"1",""
"1","|"
"1","=================================================="
"1","         "
"1","|"
"1","  84%  101 MB"
"1",""
"1","|"
"1","=================================================="
"1","         "
"1","|"
"1","  84%  101 MB"
"1",""
"1","|"
"1","=================================================="
"1","         "
"1","|"
"1","  84%  101 MB"
"1",""
"1","|"
"1","=================================================="
"1","         "
"1","|"
"1","  84%  101 MB"
"1",""
"1","|"
"1","=================================================="
"1","         "
"1","|"
"1","  84%  101 MB"
"1",""
"1","|"
"1","=================================================="
"1","         "
"1","|"
"1","  84%  102 MB"
"1",""
"1","|"
"1","=================================================="
"1","         "
"1","|"
"1","  84%  102 MB"
"1",""
"1","|"
"1","=================================================="
"1","         "
"1","|"
"1","  84%  102 MB"
"1",""
"1","|"
"1","==================================================="
"1","        "
"1","|"
"1","  85%  102 MB"
"1",""
"1","|"
"1","==================================================="
"1","        "
"1","|"
"1","  85%  102 MB"
"1",""
"1","|"
"1","==================================================="
"1","        "
"1","|"
"1","  85%  102 MB"
"1",""
"1","|"
"1","==================================================="
"1","        "
"1","|"
"1","  85%  102 MB"
"1",""
"1","|"
"1","==================================================="
"1","        "
"1","|"
"1","  85%  103 MB"
"1",""
"1","|"
"1","==================================================="
"1","        "
"1","|"
"1","  85%  103 MB"
"1",""
"1","|"
"1","==================================================="
"1","        "
"1","|"
"1","  85%  103 MB"
"1",""
"1","|"
"1","==================================================="
"1","        "
"1","|"
"1","  85%  103 MB"
"1",""
"1","|"
"1","==================================================="
"1","        "
"1","|"
"1","  86%  103 MB"
"1",""
"1","|"
"1","==================================================="
"1","        "
"1","|"
"1","  86%  103 MB"
"1",""
"1","|"
"1","==================================================="
"1","        "
"1","|"
"1","  86%  103 MB"
"1",""
"1","|"
"1","==================================================="
"1","        "
"1","|"
"1","  86%  104 MB"
"1",""
"1","|"
"1","==================================================="
"1","        "
"1","|"
"1","  86%  104 MB"
"1",""
"1","|"
"1","===================================================="
"1","       "
"1","|"
"1","  86%  104 MB"
"1",""
"1","|"
"1","===================================================="
"1","       "
"1","|"
"1","  86%  104 MB"
"1",""
"1","|"
"1","===================================================="
"1","       "
"1","|"
"1","  86%  104 MB"
"1",""
"1","|"
"1","===================================================="
"1","       "
"1","|"
"1","  87%  104 MB"
"1",""
"1","|"
"1","===================================================="
"1","       "
"1","|"
"1","  87%  105 MB"
"1",""
"1","|"
"1","===================================================="
"1","       "
"1","|"
"1","  87%  105 MB"
"1",""
"1","|"
"1","===================================================="
"1","       "
"1","|"
"1","  87%  105 MB"
"1",""
"1","|"
"1","===================================================="
"1","       "
"1","|"
"1","  87%  105 MB"
"1",""
"1","|"
"1","===================================================="
"1","       "
"1","|"
"1","  87%  105 MB"
"1",""
"1","|"
"1","===================================================="
"1","       "
"1","|"
"1","  87%  105 MB"
"1",""
"1","|"
"1","===================================================="
"1","       "
"1","|"
"1","  87%  105 MB"
"1",""
"1","|"
"1","===================================================="
"1","       "
"1","|"
"1","  88%  106 MB"
"1",""
"1","|"
"1","===================================================="
"1","       "
"1","|"
"1","  88%  106 MB"
"1",""
"1","|"
"1","====================================================="
"1","      "
"1","|"
"1","  88%  106 MB"
"1",""
"1","|"
"1","====================================================="
"1","      "
"1","|"
"1","  88%  106 MB"
"1",""
"1","|"
"1","====================================================="
"1","      "
"1","|"
"1","  88%  106 MB"
"1",""
"1","|"
"1","====================================================="
"1","      "
"1","|"
"1","  88%  106 MB"
"1",""
"1","|"
"1","====================================================="
"1","      "
"1","|"
"1","  88%  106 MB"
"1",""
"1","|"
"1","====================================================="
"1","      "
"1","|"
"1","  88%  107 MB"
"1",""
"1","|"
"1","====================================================="
"1","      "
"1","|"
"1","  89%  107 MB"
"1",""
"1","|"
"1","====================================================="
"1","      "
"1","|"
"1","  89%  107 MB"
"1",""
"1","|"
"1","====================================================="
"1","      "
"1","|"
"1","  89%  107 MB"
"1",""
"1","|"
"1","====================================================="
"1","      "
"1","|"
"1","  89%  107 MB"
"1",""
"1","|"
"1","====================================================="
"1","      "
"1","|"
"1","  89%  107 MB"
"1",""
"1","|"
"1","====================================================="
"1","      "
"1","|"
"1","  89%  108 MB"
"1",""
"1","|"
"1","====================================================="
"1","      "
"1","|"
"1","  89%  108 MB"
"1",""
"1","|"
"1","====================================================="
"1","      "
"1","|"
"1","  89%  108 MB"
"1",""
"1","|"
"1","======================================================"
"1","     "
"1","|"
"1","  90%  108 MB"
"1",""
"1","|"
"1","======================================================"
"1","     "
"1","|"
"1","  90%  108 MB"
"1",""
"1","|"
"1","======================================================"
"1","     "
"1","|"
"1","  90%  108 MB"
"1",""
"1","|"
"1","======================================================"
"1","     "
"1","|"
"1","  90%  108 MB"
"1",""
"1","|"
"1","======================================================"
"1","     "
"1","|"
"1","  90%  109 MB"
"1",""
"1","|"
"1","======================================================"
"1","     "
"1","|"
"1","  90%  109 MB"
"1",""
"1","|"
"1","======================================================"
"1","     "
"1","|"
"1","  90%  109 MB"
"1",""
"1","|"
"1","======================================================"
"1","     "
"1","|"
"1","  90%  109 MB"
"1",""
"1","|"
"1","======================================================"
"1","     "
"1","|"
"1","  91%  109 MB"
"1",""
"1","|"
"1","======================================================"
"1","     "
"1","|"
"1","  91%  109 MB"
"1",""
"1","|"
"1","======================================================"
"1","     "
"1","|"
"1","  91%  109 MB"
"1",""
"1","|"
"1","======================================================"
"1","     "
"1","|"
"1","  91%  110 MB"
"1",""
"1","|"
"1","======================================================"
"1","     "
"1","|"
"1","  91%  110 MB"
"1",""
"1","|"
"1","======================================================="
"1","    "
"1","|"
"1","  91%  110 MB"
"1",""
"1","|"
"1","======================================================="
"1","    "
"1","|"
"1","  91%  110 MB"
"1",""
"1","|"
"1","======================================================="
"1","    "
"1","|"
"1","  91%  110 MB"
"1",""
"1","|"
"1","======================================================="
"1","    "
"1","|"
"1","  92%  110 MB"
"1",""
"1","|"
"1","======================================================="
"1","    "
"1","|"
"1","  92%  111 MB"
"1",""
"1","|"
"1","======================================================="
"1","    "
"1","|"
"1","  92%  111 MB"
"1",""
"1","|"
"1","======================================================="
"1","    "
"1","|"
"1","  92%  111 MB"
"1",""
"1","|"
"1","======================================================="
"1","    "
"1","|"
"1","  92%  111 MB"
"1",""
"1","|"
"1","======================================================="
"1","    "
"1","|"
"1","  92%  111 MB"
"1",""
"1","|"
"1","======================================================="
"1","    "
"1","|"
"1","  92%  111 MB"
"1",""
"1","|"
"1","======================================================="
"1","    "
"1","|"
"1","  92%  111 MB"
"1",""
"1","|"
"1","======================================================="
"1","    "
"1","|"
"1","  93%  112 MB"
"1",""
"1","|"
"1","======================================================="
"1","    "
"1","|"
"1","  93%  112 MB"
"1",""
"1","|"
"1","========================================================"
"1","   "
"1","|"
"1","  93%  112 MB"
"1",""
"1","|"
"1","========================================================"
"1","   "
"1","|"
"1","  93%  112 MB"
"1",""
"1","|"
"1","========================================================"
"1","   "
"1","|"
"1","  93%  112 MB"
"1",""
"1","|"
"1","========================================================"
"1","   "
"1","|"
"1","  93%  112 MB"
"1",""
"1","|"
"1","========================================================"
"1","   "
"1","|"
"1","  93%  113 MB"
"1",""
"1","|"
"1","========================================================"
"1","   "
"1","|"
"1","  93%  113 MB"
"1",""
"1","|"
"1","========================================================"
"1","   "
"1","|"
"1","  94%  113 MB"
"1",""
"1","|"
"1","========================================================"
"1","   "
"1","|"
"1","  94%  113 MB"
"1",""
"1","|"
"1","========================================================"
"1","   "
"1","|"
"1","  94%  113 MB"
"1",""
"1","|"
"1","========================================================"
"1","   "
"1","|"
"1","  94%  113 MB"
"1",""
"1","|"
"1","========================================================"
"1","   "
"1","|"
"1","  94%  113 MB"
"1",""
"1","|"
"1","========================================================"
"1","   "
"1","|"
"1","  94%  114 MB"
"1",""
"1","|"
"1","========================================================"
"1","   "
"1","|"
"1","  94%  114 MB"
"1",""
"1","|"
"1","========================================================"
"1","   "
"1","|"
"1","  94%  114 MB"
"1",""
"1","|"
"1","========================================================="
"1","  "
"1","|"
"1","  95%  114 MB"
"1",""
"1","|"
"1","========================================================="
"1","  "
"1","|"
"1","  95%  114 MB"
"1",""
"1","|"
"1","========================================================="
"1","  "
"1","|"
"1","  95%  114 MB"
"1",""
"1","|"
"1","========================================================="
"1","  "
"1","|"
"1","  95%  114 MB"
"1",""
"1","|"
"1","========================================================="
"1","  "
"1","|"
"1","  95%  115 MB"
"1",""
"1","|"
"1","========================================================="
"1","  "
"1","|"
"1","  95%  115 MB"
"1",""
"1","|"
"1","========================================================="
"1","  "
"1","|"
"1","  95%  115 MB"
"1",""
"1","|"
"1","========================================================="
"1","  "
"1","|"
"1","  95%  115 MB"
"1",""
"1","|"
"1","========================================================="
"1","  "
"1","|"
"1","  96%  115 MB"
"1",""
"1","|"
"1","========================================================="
"1","  "
"1","|"
"1","  96%  115 MB"
"1",""
"1","|"
"1","========================================================="
"1","  "
"1","|"
"1","  96%  116 MB"
"1",""
"1","|"
"1","========================================================="
"1","  "
"1","|"
"1","  96%  116 MB"
"1",""
"1","|"
"1","========================================================="
"1","  "
"1","|"
"1","  96%  116 MB"
"1",""
"1","|"
"1","=========================================================="
"1"," "
"1","|"
"1","  96%  116 MB"
"1",""
"1","|"
"1","=========================================================="
"1"," "
"1","|"
"1","  96%  116 MB"
"1",""
"1","|"
"1","=========================================================="
"1"," "
"1","|"
"1","  96%  116 MB"
"1",""
"1","|"
"1","=========================================================="
"1"," "
"1","|"
"1","  97%  116 MB"
"1",""
"1","|"
"1","=========================================================="
"1"," "
"1","|"
"1","  97%  117 MB"
"1",""
"1","|"
"1","=========================================================="
"1"," "
"1","|"
"1","  97%  117 MB"
"1",""
"1","|"
"1","=========================================================="
"1"," "
"1","|"
"1","  97%  117 MB"
"1",""
"1","|"
"1","=========================================================="
"1"," "
"1","|"
"1","  97%  117 MB"
"1",""
"1","|"
"1","=========================================================="
"1"," "
"1","|"
"1","  97%  117 MB"
"1",""
"1","|"
"1","=========================================================="
"1"," "
"1","|"
"1","  97%  117 MB"
"1",""
"1","|"
"1","=========================================================="
"1"," "
"1","|"
"1","  97%  117 MB"
"1",""
"1","|"
"1","=========================================================="
"1"," "
"1","|"
"1","  98%  118 MB"
"1",""
"1","|"
"1","=========================================================="
"1"," "
"1","|"
"1","  98%  118 MB"
"1",""
"1","|"
"1","==========================================================="
"1","|"
"1","  98%  118 MB"
"1",""
"1","|"
"1","==========================================================="
"1","|"
"1","  98%  118 MB"
"1",""
"1","|"
"1","==========================================================="
"1","|"
"1","  98%  118 MB"
"1",""
"1","|"
"1","==========================================================="
"1","|"
"1","  98%  118 MB"
"1",""
"1","|"
"1","==========================================================="
"1","|"
"1","  98%  119 MB"
"1",""
"1","|"
"1","==========================================================="
"1","|"
"1","  98%  119 MB"
"1",""
"1","|"
"1","==========================================================="
"1","|"
"1","  99%  119 MB"
"1",""
"1","|"
"1","==========================================================="
"1","|"
"1","  99%  119 MB"
"1",""
"1","|"
"1","==========================================================="
"1","|"
"1","  99%  119 MB"
"1",""
"1","|"
"1","==========================================================="
"1","|"
"1","  99%  119 MB"
"1",""
"1","|"
"1","==========================================================="
"1","|"
"1","  99%  119 MB"
"1",""
"1","|"
"1","==========================================================="
"1","|"
"1","  99%  120 MB"
"1",""
"1","|"
"1","==========================================================="
"1","|"
"1","  99%  120 MB"
"1",""
"1","|"
"1","==========================================================="
"1","|"
"1","  99%  120 MB"
"1",""
"1","|"
"1","============================================================"
"1","|"
"1"," 100%  120 MB"
"1","
"
"0","air_visited <- read_csv(""air_visit_data.csv"")"
"0","id_relation <- read_csv(""store_id_relation.csv"")"
"0","air_store <- read_csv(""air_store_info.csv"")"
"0","hpg_store <- read_csv(""hpg_store_info.csv"")"
"0","date_info <- read_csv(""date_info.csv"")"
"0","test <- read_csv(""sample_submission.csv"")"
